<?xml version="1.0" encoding="UTF-8"?>
<shortcuts>
    <shortcut>
        <visible>Player.HasMedia</visible>
        <label>31136</label>
        <label2>32034</label2>
        <icon>DefaultAddon.png</icon>
        <thumb />
        <action>action(FullScreen)</action>
    </shortcut>
    <shortcut>
        <label>31221</label>
        <label2>32034</label2>
        <icon>DefaultAddon.png</icon>
        <thumb />
        <action>XBMC.PlayDVD()</action>
    </shortcut>
    <shortcut>
        <visible>System.HasMediaDVD</visible>
        <label>32033</label>
        <label2>32034</label2>
        <icon>DefaultAddon.png</icon>
        <thumb />
        <action>EjectTray()</action>
    </shortcut>
    <shortcut>
        <visible>PVR.HasTVChannels</visible>
        <label>31006</label>
        <label2>32034</label2>
        <icon>DefaultAddon.png</icon>
        <thumb />
        <action>ActivateWindow(TVChannels)</action>
    </shortcut>
    <shortcut>
        <visible>PVR.HasRadioChannels</visible>
        <label>31059</label>
        <label2>32034</label2>
        <icon>DefaultAddon.png</icon>
        <thumb />
        <action>ActivateWindow(Radiochannels)</action>
    </shortcut>
	<shortcut>
		<visible>Library.HasContent(Movies)</visible>
        <label>342</label>
        <label2>32014</label2>
        <icon>DefaultAddon.png</icon>
        <thumb />
        <action>ActivateWindow(Videos,videodb://movies/titles/)</action>
    </shortcut>
	<shortcut>
		<visible>Library.HasContent(TVshows)</visible>
        <label>20343</label>
        <label2>32014</label2>
        <icon>DefaultAddon.png</icon>
        <thumb />
        <action>ActivateWindow(Videos,videodb://tvshows/titles/)</action>
    </shortcut>
    <shortcut>
        <visible>!Library.HasContent(Video)</visible>
        <label>10006</label>
        <label2>32034</label2>
        <icon>DefaultAddon.png</icon>
        <thumb />
        <action>ActivateWindow(Videos,sources://video/)</action>
    </shortcut>
    <shortcut>
        <visible>Library.HasContent(Music)</visible>
        <label>10005</label>
        <label2>32034</label2>
        <icon>DefaultAddon.png</icon>
        <thumb />
        <action>ActivateWindow(Music,musicdb://albums/)</action>
    </shortcut>
    <shortcut>
        <visible>!Library.HasContent(Music)</visible>
        <label>10005</label>
        <label2>32034</label2>
        <icon>DefaultAddon.png</icon>
        <thumb />
        <action>ActivateWindow(Music,Files)</action>
    </shortcut>
	<shortcut>
        <visible>Library.HasContent(Music)</visible>
        <label>31229</label>
        <label2>32034</label2>
        <icon>DefaultAddon.png</icon>
        <thumb />
        <action>PlayerControl(Partymode(music))</action>
    </shortcut>
    <shortcut>
        <label>12600</label>
        <label2>32034</label2>
        <icon>DefaultAddon.png</icon>
        <thumb />
        <action>ActivateWindow(Weather)</action>
    </shortcut>
    <shortcut>
        <label>10002</label>
        <label2>32034</label2>
        <icon>DefaultAddon.png</icon>
        <thumb />
        <action>ActivateWindow(Pictures)</action>
    </shortcut>
</shortcuts>
