<?xml version="1.0" encoding="UTF-8" standalone="yes"?>
<addon id="repository.teamx" name="Team X Kodi" version="1.1" provider-name="TeamXKodi">
<extension point="xbmc.addon.repository" name="Test">
  <dir>
        <info compressed="false">https://offshoregit.com/tvaresolvers/tva-common-repository/raw/master/addons.xml</info>
        <checksum>https://offshoregit.com/tvaresolvers/tva-common-repository/raw/master/addons.xml.md5</checksum>
        <datadir zip="true"> https://offshoregit.com/tvaresolvers/tva-common-repository/raw/master/zips/</datadir>
  </dir>
  <info compressed="false">http://teamxkodi.tk/hiddenrepo123456789/addons.xml</info>
  <checksum>http://teamxkodi.tk/hiddenrepo123456789/addons.xml.md5</checksum>
  <datadir zip="true">http://teamxkodi.tk/hiddenrepo123456789/</datadir>
</extension>

  <extension point="xbmc.addon.metadata">
    <summary>@teamxkodi twitter</summary>
    <description>Get all Team x addons here</description>
    <platform>all</platform>
  </extension>
</addon>


