<?xml version="1.0" encoding="UTF-8"?>
<includes>
    <include name="addonposters">
        <control type="group">
            <control type="panel" id="50">
                <visible>$EXP[isAddonMovieOrTVshow]</visible>
                <posx>90</posx>
				<posy>row-5-begin</posy>
				<width>1800</width>
				<height>22-row</height>
				<onleft>9000</onleft>
				<onright>60</onright>
                <ondown>50</ondown>
                <onup>50</onup>
				<pagecontrol>60</pagecontrol>
				<scrolltime tween="cubic" easing="out">600</scrolltime>
				<itemlayout width="252" height="426">
					<control type="image">
						<posx>0</posx>
						<posy>0</posy>
						<width>228</width>
						<height>342</height>
						<aspectratio>stretch</aspectratio>
						<texture border="6">colors/black.png</texture>
						<bordertexture border="6" colordiffuse="22FFFFFF">colors/black.png</bordertexture>
						<bordersize>6</bordersize>
						<colordiffuse>overlay</colordiffuse>
					</control>
					<control type="image">
						<posx>0</posx>
						<posy>0</posy>
						<width>228</width>
						<height>342</height>
						<aspectratio>stretch</aspectratio>
						<texture>$INFO[ListItem.Art(poster)]</texture>
						<bordersize>6</bordersize>
						<colordiffuse>ffffffff</colordiffuse>
					</control>
					<control type="textbox">
						<visible>isempty(listitem.title)</visible>
						<posx>24</posx>
						<posy>3-row</posy>
						<width>228</width>
						<height>6-row</height>
						<font>largeStrong</font>
						<wrapmultiline>true</wrapmultiline>
						<textcolor>textActive</textcolor>
						<label>$INFO[ListItem.label]</label>
					</control>
					<control type="label">
						<visible>!controlgroup(9000).hasfocus</visible>
						<posx>12</posx>
						<posy>338</posy>
						<width>204</width>
						<height>1-row</height>
						<aligny>center</aligny>
						<font>thumbTitle</font>
						<textcolor>textActive</textcolor>
						<label>[B]$INFO[ListItem.title][/B]</label>
					</control>
					<control type="label">
						<visible>!controlgroup(9000).hasfocus</visible>
						<posx>12</posx>
						<posy>362</posy>
						<width>204</width>
						<height>1-row</height>
						<aligny>center</aligny>
						<font>thumbTitle</font>
						<textcolor>textDisabled</textcolor>
						<label>$INFO[ListItem.year]</label>
					</control>
				</itemlayout>
				<focusedlayout width="252" height="426">
					<control type="group">
						<include>focusThumb</include>
						<control type="image">
							<posx>0</posx>
							<posy>0</posy>
							<width>228</width>
							<height>342</height>
							<aspectratio>stretch</aspectratio>
							<texture border="6">colors/black.png</texture>
							<bordertexture border="6" colordiffuse="FFFFFFFF">colors/white.png</bordertexture>
							<bordersize>6</bordersize>
							<colordiffuse>FF000000</colordiffuse>
						</control>
						<control type="image">
							<posx>0</posx>
							<posy>0</posy>
							<width>228</width>
							<height>342</height>
							<aspectratio>stretch</aspectratio>
							<texture>$INFO[ListItem.Art(poster)]</texture>
							<bordersize>6</bordersize>
						</control>
						<control type="textbox">
							<visible>isempty(listitem.title)</visible>
							<posx>24</posx>
							<posy>3-row</posy>
							<width>228</width>
							<height>6-row</height>
							<font>largeStrong</font>
							<wrapmultiline>true</wrapmultiline>
							<textcolor>textActive</textcolor>
							<label>$INFO[ListItem.label]</label>
						</control>
						<control type="label">
							<posx>12</posx>
							<posy>338</posy>
							<width>204</width>
							<height>1-row</height>
							<aligny>center</aligny>
							<font>thumbTitle</font>
							<textcolor>textActive</textcolor>
							<label>[B]$INFO[ListItem.title][/B]</label>
						</control>
						<control type="label">
							<posx>12</posx>
							<posy>362</posy>
							<width>204</width>
							<height>1-row</height>
							<aligny>center</aligny>
							<font>thumbTitle</font>
							<textcolor>textActive</textcolor>
							<label>$INFO[ListItem.year]</label>
						</control>
					</control>
				</focusedlayout>
            </control>
        </control>
    </include>
</includes>